{
    "classification_scores": {
        "accuracy": 0.6103327495621717,
        "aopc_thresholds": null,
        "comprehensiveness": 0.2914954714565036,
        "comprehensiveness_aopc": null,
        "comprehensiveness_aopc_points": null,
        "comprehensiveness_entropy": 0.016847092411401643,
        "comprehensiveness_kl": 0.5615806798380816,
        "prf": {
            "accuracy": 0.6103327495621717,
            "hatespeech": {
                "f1-score": 0.7770582793709528,
                "precision": 0.8624229979466119,
                "recall": 0.7070707070707071,
                "support": 594
            },
            "macro avg": {
                "f1-score": 0.45974406413814367,
                "precision": 0.5356822179535302,
                "recall": 0.4041817198751505,
                "support": 1142
            },
            "normal": {
                "f1-score": 0.0,
                "precision": 0.0,
                "recall": 0.0,
                "support": 0
            },
            "offensive": {
                "f1-score": 0.6021739130434783,
                "precision": 0.7446236559139785,
                "recall": 0.5054744525547445,
                "support": 548
            },
            "weighted avg": {
                "f1-score": 0.6931382857216919,
                "precision": 0.805895818057047,
                "recall": 0.6103327495621717,
                "support": 1142
            }
        },
        "sufficiency": -0.059572830939773086,
        "sufficiency_aopc": null,
        "sufficiency_aopc_points": null,
        "sufficiency_entropy": 0.11932098274803066,
        "sufficiency_kl": 0.04605923078344421
    },
    "iou_scores": [
        {
            "macro": {
                "f1": 0.22357113071528628,
                "p": 0.14490659661412722,
                "r": 0.4890688849970811
            },
            "micro": {
                "f1": 0.2216487844628548,
                "p": 0.1440677966101695,
                "r": 0.48028251912889935
            },
            "threshold": 0.5
        }
    ],
    "rationale_prf": {
        "instance_macro": {
            "f1": 0.1152831795563845,
            "p": 0.07762697022767122,
            "r": 0.26306187974314055
        },
        "instance_micro": {
            "f1": 0.11897324460138531,
            "p": 0.07733050847457627,
            "r": 0.2577987051206592
        }
    },
    "token_prf": {
        "instance_macro": {
            "f1": 0.48125071015328924,
            "p": 0.5894775248102742,
            "r": 0.6166108964834376
        },
        "instance_micro": {
            "f1": 0.4216045483259634,
            "p": 0.589159604519774,
            "r": 0.32825103285461343
        }
    },
    "token_soft_metrics": {
        "auprc": 0.8161526670397684,
        "average_precision": 0.8091542351608024,
        "roc_auc_score": 0.8069909362140002
    }
}